id,name,genre,rating,releasedate
1,My Mother's Smile (a.k.a. The Religion Hour) (L'ora di religione) (Il sorriso di mia madre),Drama,2,01/02/2021
2,"Romantic Englishwoman,Comedy|Drama,10,01/04/2019
3,Happy Birthday to Me,Horror|Mystery,1,12/12/2020
4,Battlefield Baseball (Jigoku kôshien),Action|Horror|Musical,9,05/04/2022
5,Things Are Tough All Over,Comedy,3,12/20/2017
6,Destiny in Space,Documentary|IMAX,10,01/22/2018
7,"Mississippi Mermaid (Sirène du Mississipi, La)",Crime|Drama|Romance,1,02/11/2020
8,Ricky Gervais Live 2: Politics,Comedy,9,11/21/2020
9,Man of the House,Action|Comedy,9,12/06/2017
10,Way of the Dragon,Action|Crime,6,03/09/2023
11,"Bright Lights Big City",Drama,10,06/17/2019
12,Los Marziano,Comedy|Drama,7,10/11/2022
13,"I Hate Mondays (Nie lubie poniedzialku)",Comedy,3,10/02/2019
14,"Darkest Hour",Action|Horror|Sci-Fi|Thriller,6,12/17/2021
15,Erkan & Stefan 2,Comedy,1,07/29/2019
16,"Purge: Anarchy",Action|Horror|Thriller,6,11/09/2021
17,Byzantium,Drama|Fantasy|Thriller,9,03/28/2017
18,"Three Burials of Melquiades Estrada,Adventure|Crime|Drama,10,06/01/2020
19,Unlawful Killing,Documentary,10,10/18/2019
20,"Misérables, Les",Drama,2,06/30/2021
21,Leaves from Satan's Book (Blade af Satans bog),Drama,9,12/14/2018
22,"Day the Earth Stood Still,Drama|Sci-Fi|Thriller|IMAX,5,10/16/2019
23,Slim Susie (Smala Sussie),Comedy|Crime|Mystery,7,04/19/2021
24,Chosin ,Documentary|War,1,01/01/2018
25,Article 99,Comedy|Drama,1,09/20/2019
26,Among Us (Onder Ons),Drama,5,11/12/2022
27,"Man from London, The (A Londoni férfi)",Crime|Drama|Mystery,1,03/21/2019
28,Knock on Wood,Comedy,6,07/17/2020
29,Born to Be Bad,Drama|Film-Noir,10,12/10/2016
30,"Dead,Horror,8,10/13/2018
31,Young Thugs: Nostalgia (Kishiwada shônen gurentai: Bôkyô),Drama,4,11/21/2019
32,Jamie and Jessie Are Not Together,Comedy|Musical|Romance,4,11/13/2021
33,City of Pirates (La ville des pirates) ,Drama|Fantasy,4,01/01/2022
34,Adrenaline Drive (Adorenarin doraibu),Comedy,2,04/15/2017
35,Godzilla (Gojira),Drama|Horror|Sci-Fi,4,07/22/2020
36,Heir to an Execution,Documentary,3,09/13/2017
37,TV Junkie,Documentary,5,06/21/2020
38,Romance on the High Seas,Comedy|Musical|Romance,9,05/31/2020
39,"Pit, the Pendulum and Hope, The (Kyvadlo, jáma a nadeje)",Horror|Thriller,6,05/21/2020
40,There's Something Wrong with Aunt Diane,Documentary,1,03/05/2019
41,Film ist a Girl & a Gun,Documentary|Romance,5,06/28/2019
42,Cinderella,Animation|Children|Fantasy|Romance,2,09/03/2017
43,In a Year with 13 Moons (In einem Jahr mit 13 Monden),Drama,6,04/17/2022
44,Best Friends,Comedy|Drama|Romance,3,05/03/2023
45,Porky's,Comedy,1,05/13/2018
46,Grease 2,Comedy|Musical|Romance,5,08/20/2022
47,"Buona Sera, Mrs. Campbell",Comedy,8,04/06/2020
48,Endurance,Documentary|Drama,10,06/18/2021
49,"Employment, The (Empleo, El)",Animation|Comedy|Drama,7,04/04/2019
50,Don't Think About It (Non Pensarci),Comedy|Drama,2,03/31/2020
51,"Private Affairs of Bel Ami,Drama,9,07/29/2022
52,Chungking Express (Chung Hing sam lam),Drama|Mystery|Romance,3,09/09/2019
53,"Family Jewels,Comedy,6,01/18/2018
54,Mysterious Skin,Drama|Mystery,4,06/18/2022
55,Stones in Exile,Documentary|Musical,2,04/12/2023
56,End of Watch,Crime|Drama|Thriller,2,03/16/2017
57,Snow White and the Seven Dwarfs,Animation|Children|Drama|Fantasy|Musical,8,12/03/2020
58,Gospa,Drama,10,01/29/2023
59,"Late George Apley,Comedy,1,03/10/2017
60,Nixon by Nixon: In His Own Words,Documentary,4,05/31/2018
61,Return to Lonesome Dove,Drama|Western,8,05/01/2021
62,Becoming Chaz,Documentary,6,10/27/2016
63,Calle 54,Documentary|Musical,1,03/17/2018
64,Crime Lords of Tokyo,Documentary,2,01/02/2020
65,Total Eclipse,Drama|Romance,2,07/13/2021
66,Frenchmen (Le coeur des hommes),Comedy|Romance,2,07/16/2019
67,"Last Mogul,Documentary,9,08/27/2022
68,Cobra,Drama,3,10/11/2016
69,Arnold,Comedy|Horror,8,02/28/2019
70,It All Starts Today (Ça commence aujourd'hui),Drama,3,10/24/2017
71,Crisis,Drama|Thriller,8,11/17/2020
72,Leonard Part 6,Comedy|Sci-Fi,6,12/07/2016
73,Vampire Hunter D: Bloodlust (Banpaia hantâ D),Animation|Fantasy|Horror|Sci-Fi,9,03/12/2019
74,"Punisher,Action,10,02/13/2020
75,Jack's Back ,Crime|Horror|Mystery|Thriller,9,09/24/2016
76,Santa Buddies,Adventure|Children,2,12/24/2019
77,Illtown,Crime|Drama,4,04/26/2018
78,Detroit 9000,Action|Crime,2,04/11/2022
79,"Long Good Friday,Drama|Thriller,7,10/28/2020
80,"Study in Scarlet, A",Mystery|Thriller,2,02/17/2021
81,Trapped,Action|Thriller,9,06/28/2020
82,Paradise,Comedy|Drama,3,09/08/2020
83,Miehen tie,Drama,4,03/21/2018
84,Stephen Tobolowsky's Birthday Party,Comedy|Documentary|Drama,4,08/25/2020
85,"Dennis the Menace Christmas, A",Comedy,9,12/24/2017
86,Turtles Can Fly (Lakposhtha hâm parvaz mikonand),Drama|War,3,09/04/2017
87,Uptown Saturday Night,Comedy,1,01/24/2017
88,Bombón: El Perro (El perro),Comedy|Drama,3,01/09/2020
89,Transmorphers,Action|Adventure|Sci-Fi,1,02/13/2020
90,Madigan,Crime|Drama,8,06/18/2019
91,Alligator,Action|Horror|Sci-Fi,5,05/09/2018
92,"Burmese Harp, The (Biruma no tategoto)",Drama|War,10,07/18/2018
93,101 Dalmatians II: Patch's London Adventure,Animation|Children,5,09/12/2017
94,Lonely Are the Brave,Drama|Western,9,01/14/2023
95,Prison Break: The Final Break,Action|Drama|Thriller,7,01/13/2023
96,Cowboy Bebop,Action|Adventure|Animation|Crime|Sci-Fi,8,02/19/2021
97,Frozen City (Valkoinen kaupunki) ,Drama,6,09/14/2020
98,Identity Thief,Comedy|Crime,4,10/11/2020
99,Less is More (Menos es más),Comedy,8,11/07/2017
100,Troma's War ,Action|Adventure|Comedy,1,06/16/2017
101,Drew: The Man Behind the Poster,Documentary,9,04/03/2018
102,Tarzan the Fearless,Action|Adventure,4,03/06/2022
103,Frankenweenie,Animation|Comedy|Horror|IMAX,2,08/18/2018
104,"Crimson Permanent Assurance,Adventure|Comedy,1,08/02/2022
105,Girls Gone Dead,Comedy|Horror,4,04/11/2017
106,"Code,Documentary,10,01/02/2020
107,"Aviator's Wife, The (La femme de l'aviateur)",Drama,8,06/19/2022
108,Night of the Comet,Comedy|Horror|Sci-Fi,7,01/15/2021
109,"Master of Ballantrae,Adventure,5,07/10/2021
110,Babylon 5: The Lost Tales - Voices in the Dark,Sci-Fi,3,12/09/2022
111,Into the Deep,Documentary|IMAX,4,09/07/2016
112,Battle in Outer Space,Adventure|Sci-Fi,2,06/17/2021
113,41,Documentary,9,09/24/2019
114,'71,Action|Drama|Thriller|War,7,04/06/2022
115,"Idiot Returns, The (Návrat idiota)",Comedy|Drama|Romance,1,04/17/2017
116,Dark Eyes (Oci ciornie),Comedy|Drama|Romance,3,04/22/2021
117,Last Hurrah for Chivalry (Hao xia),Action|Drama,8,02/23/2023
118,Night and the City,Crime|Drama,7,09/17/2019
119,Anotherworld,Drama|Romance,9,04/17/2018
120,Mulholland Drive,Crime|Drama|Film-Noir|Mystery|Thriller,6,07/12/2021
121,Flatfoot on the Nile (Piedone d'Egitto),Action|Comedy|Crime,9,11/25/2019
122,Your Friends and Neighbors,Comedy|Drama,9,02/11/2022
123,Michael,Drama|Thriller,5,02/25/2020
124,Chiedimi se sono felice,Comedy|Drama,5,08/26/2019
125,"Tigger Movie,Animation|Children,4,02/27/2017
126,Sam Peckinpah: Man of Iron,Documentary,3,09/26/2016
127,Flood,Action|Drama|Thriller,8,10/05/2021
128,Agata and the Storm (Agata e la tempesta),Comedy|Drama|Romance,3,08/03/2017
129,Tears of April (Käsky),Drama|Romance|War,7,06/13/2020
130,Cat Soup (Nekojiru-so),Adventure|Animation|Drama|Horror,5,04/20/2023
131,Nekromantik,Comedy|Horror,6,12/09/2017
132,Nicht mein Tag,Action|Comedy|Crime,4,05/11/2018
133,"Unknown Soldier, The (Tuntematon sotilas)",Drama|War,3,06/14/2018
134,"Hunter,Thriller,1,05/28/2019
135,All the President's Men,Drama|Thriller,6,04/26/2021
136,"Satanic Rites of Dracula,Horror,2,05/09/2021
137,"Solitude of Prime Numbers,Drama,3,04/27/2019
138,Beastie Boys: Sabotage,(no genres listed),1,03/10/2022
139,"Seventh Victim,Drama|Film-Noir|Horror|Mystery,7,08/17/2018
140,Dragon Ball: Sleeping Princess in Devil's Castle (Doragon bôru: Majinjô no nemuri hime),Action|Adventure|Animation|Children,3,08/22/2021
141,Big Girls Don't Cry (Große Mädchen weinen nicht),Drama|Romance,9,12/04/2019
142,To Get to Heaven First You Have to Die (Bihisht faqat baroi murdagon),Drama,1,01/03/2023
143,"Ugly Truth,Comedy|Drama|Romance,7,11/27/2019
144,Sometimes They Come Back... for More,Horror,8,06/05/2017
145,Heidi Fleiss: Hollywood Madam,Documentary,9,10/24/2021
146,Stand and Deliver,Comedy|Drama,10,01/04/2020
147,Wild Gals Of The Naked West,Comedy|Western,1,12/05/2016
148,Last Holiday,Comedy|Drama|Romance,6,07/14/2017
149,Space,Drama,3,11/12/2017
150,Z.P.G.,Sci-Fi|Thriller,5,05/22/2022
151,My Voyage to Italy (Il mio viaggio in Italia),Documentary,3,06/19/2020
152,Children of the Corn: Genesis,Horror|Thriller,10,02/03/2021
153,Two Days,Comedy|Drama|Thriller,10,07/23/2018
154,Snake and Crane Arts of Shaolin (She hao ba bu),Action|Drama,8,04/30/2018
155,So It Goes (Korsoteoria),Drama,3,09/05/2017
156,Lammbock,Comedy,1,03/13/2022
157,Jesus Christ Superstar,Drama|Musical,7,10/05/2016
158,Revenge of the Green Dragons,Action|Crime|Drama,1,09/23/2018
159,Felon,Crime|Drama,6,09/24/2018
160,Death Race 2,Action|Sci-Fi|Thriller,9,11/18/2016
161,"Bird of the Air, A (Loop, The)",Drama|Romance,8,12/15/2021
162,Bambou,Comedy,3,08/16/2022
163,"Luna, La",Drama,2,08/30/2018
164,Story of a Love Affair (Cronaca di un amore),Crime|Drama|Romance,4,08/25/2017
165,What Lies Beneath,Drama|Horror|Mystery,4,04/06/2017
166,In the Mouth of Madness,Horror|Thriller,5,09/17/2016
167,Wild Zero,Action|Comedy|Horror|Romance|Sci-Fi,4,03/19/2022
168,Duma,Adventure|Drama,7,11/06/2022
169,You've Got Mail,Comedy|Romance,1,05/05/2019
170,Collapse,Documentary,4,01/15/2017
171,Buying the Cow,Comedy|Romance,7,03/29/2023
172,Who's Singin' Over There? (a.k.a. Who Sings Over There) (Ko to tamo peva),Comedy,8,04/03/2017
173,Caltiki the Undying Monster,Adventure|Horror|Sci-Fi|Thriller,1,02/29/2020
174,Spider Forest (Geomi sup),Drama|Horror|Mystery|Thriller,4,05/15/2019
175,Air Doll (Kûki ningyô),Drama,10,11/15/2022
176,Extraction,Action,10,03/07/2022
177,Paycheck,Action|Sci-Fi|Thriller,6,06/27/2019
178,"High, Wide, and Handsome",Musical|Western,3,09/30/2019
179,Corto Maltese: The Guilded House of Samarkand (La maison dorée de Samarkand),Adventure|Animation|Drama|Romance|War,9,06/04/2020
180,"5 Deadly Venoms, The (Wu du) (Five Deadly Venoms)",Action,4,09/07/2018
181,Some Came Running,Drama|Romance,7,12/05/2022
182,Forgetting the Girl,Drama,10,03/07/2019
183,Bad Day on the Block,Drama|Thriller,4,03/03/2019
184,Buck Privates,Comedy|Musical,1,01/22/2017
185,Blackout,Mystery|Thriller,8,02/20/2019
186,Lovers of Hate,Comedy,3,05/05/2023
187,Swastika,Documentary,2,09/09/2019
188,Saving Sarah Cain,Drama,5,02/20/2018
189,"Brood,Horror,5,05/28/2022
190,Forever Hardcore: The Documentary,Documentary,2,04/27/2017
191,Africa: Texas Style,Adventure|Western,7,12/31/2020
192,Real Women Have Curves,Comedy|Drama,1,04/08/2021
193,Friends & Lovers,Comedy|Drama|Romance,6,10/20/2022
194,Breakfast on Pluto,Comedy|Drama,7,11/30/2020
195,"Arena, The (a.k.a. Naked Warriors)",Action|Adventure,8,03/19/2018
196,Knight of Cups,Drama,3,10/03/2020
197,Schlussmacher,Comedy,10,10/03/2021
198,Killing Lincoln,Drama|War,1,11/24/2016
199,This Island Earth,Sci-Fi,6,07/24/2019
200,Cimarron,Drama|Western,10,10/30/2019
201,Wooden Crosses (Les croix de bois),Drama|War,10,10/09/2018
202,After...,Horror|Thriller,8,09/24/2022
203,Sweeney Todd: The Demon Barber of Fleet Street,Drama|Horror|Musical|Thriller,10,06/03/2021
204,Ruby Red,Adventure|Children|Fantasy|Sci-Fi,7,08/12/2017
205,"Manzanar Fishing Club,Adventure|Documentary,2,04/01/2022
206,Mr. Smith Goes to Washington,Drama,7,09/17/2016
207,"Hunt,Drama|Thriller,5,07/18/2022
208,Hawking,Documentary,2,12/31/2018
209,Blue Week (Sininen viikko),Drama|Romance,8,01/22/2019
210,Harmagedon,Action|Drama,9,02/23/2019
211,In the Land of Women,Comedy|Drama|Romance,2,09/13/2020
212,Being There,Comedy|Drama,7,09/04/2016
213,"Selfish Giant,Drama,2,01/29/2018
214,Don't Move (Non ti muovere),Drama,7,02/12/2020
215,Atlas Shrugged: Who Is John Galt? (Atlas Shrugged: Part III),Drama|Mystery|Sci-Fi,10,10/31/2018
216,Little Nicky,Comedy,8,09/30/2021
217,Wizards,Animation|Fantasy|Sci-Fi|War,7,02/02/2022
218,"Good Fairy,Comedy|Romance,2,05/29/2019
219,"Black Hole,Children|Sci-Fi,3,02/21/2023
220,Warren Oates: Across the Border,Documentary,9,09/20/2020
221,Adopted,Comedy,6,09/13/2019
222,"Fallen,Action|Drama|War,7,02/26/2022
223,"Brave,Drama,3,10/15/2019
224,"Scar, The (Blizna)",Drama,10,04/07/2019
225,"Wedding Banquet, The (Xi yan)",Comedy|Drama|Romance,3,09/02/2021
226,Brutal Relax,Action|Comedy,4,03/23/2023
227,Beyond Outrage,Action,2,02/06/2018
228,"Day of the Crows, The (Le jour des corneilles)",Animation|Children|Comedy|Fantasy,10,12/22/2016
229,"Deal,Drama,5,09/20/2018
230,Run of the Arrow,Western,4,05/14/2021
231,Of Love and Shadows,Drama,4,01/20/2019
232,Teenage Caveman,Horror|Sci-Fi|Thriller,1,04/11/2021
233,Blackmail,Drama|Thriller,9,05/10/2020
234,Charlie and the Chocolate Factory,Adventure|Children|Comedy|Fantasy|IMAX,10,01/12/2021
235,"20,000 Leagues Under the Sea",Adventure|Romance|Sci-Fi,3,10/11/2020
236,Matinee,Comedy|Drama,8,04/20/2023
237,Bandaged,Thriller,7,09/06/2019
238,"Man from Down Under,Drama,4,10/19/2021
239,Many Rivers to Cross,Comedy|Romance|Western,7,04/29/2023
240,Playing with Love (Puppy Love) (Maladolescenza),Drama,9,06/16/2018
241,"Madness of King George,Comedy|Drama,3,12/02/2016
242,My Big Fat Greek Wedding,Comedy|Romance,5,09/08/2016
243,Peter Pan,Children|Fantasy|Musical,5,11/15/2021
244,Body Bags,Comedy|Horror|Sci-Fi|Thriller,6,11/23/2016
245,Mad Love,Horror|Romance,5,10/13/2020
246,Ed and His Dead Mother,Comedy|Horror,9,01/29/2018
247,Critters 2: The Main Course,Comedy|Horror|Sci-Fi,10,08/18/2021
248,Life's a Breeze,Comedy|Drama,6,02/25/2020
249,"Adventures of Huckleberry Finn,Adventure|Children,10,10/05/2016
250,"Excuse Me Darling, But Lucas Loved Me",Comedy,4,05/19/2022
251,Playing It Cool,Comedy|Romance,4,02/12/2018
252,"Class, The (Klass)",Drama,9,11/27/2018
253,Shadows,Drama,1,02/26/2023
254,Bathory,Drama|Fantasy,4,09/25/2017
255,"Mourning Forest, The (Mogari no mori)",Drama,6,03/31/2023
256,"Valley of Decision,Drama,9,02/18/2023
257,"Great Dictator,Comedy|Drama|War,1,11/05/2020
258,"American Soldier, The (Der amerikanische Soldat)",Drama,9,07/18/2017
259,"Great Gatsby,Drama,6,04/27/2020
260,Pink Saris,Documentary|Drama,10,06/25/2019
261,That Most Important Thing: Love (L'important c'est d'aimer),Drama|Romance,5,03/01/2022
262,Grudge Match,Comedy,2,08/03/2020
263,Southbounders,Drama,1,06/14/2018
264,Story of G.I. Joe,War,7,02/26/2017
265,Not Fade Away,Drama,3,10/13/2019
266,Weird Woman,Drama,5,12/14/2019
267,"Little Colonel,Children|Comedy|Crime|Drama,7,04/14/2021
268,"Woman Always Pays, The (Afgrunden) (Abyss, The)",Drama,2,09/05/2020
269,Mirrors,Horror|Mystery|Thriller,7,11/10/2020
270,Lupin the Third: The Secret of Mamo,Action|Animation|Crime,8,05/20/2020
271,"Cemetery Club,Comedy|Drama|Romance,3,12/28/2018
272,Koi... Mil Gaya,Action|Adventure|Fantasy|Sci-Fi,3,12/25/2017
273,"Andromeda Strain,Mystery|Sci-Fi,1,12/02/2021
274,"Arrested Development Documentary Project,Documentary,8,08/19/2019
275,Children Underground,Documentary,4,04/02/2018
276,Stage Door Canteen,Comedy|Musical|Romance|War,5,08/12/2022
277,Walking with Prehistoric Beasts,Animation|Documentary,8,08/30/2017
278,Dimensions of Dialogue (Moznosti dialogu),Animation|Comedy|Fantasy,1,06/17/2020
279,TWA Flight 800 ,Documentary,4,09/04/2017
280,Welcome to the Space Show (Uchû shô e yôkoso),Adventure|Animation|Sci-Fi,10,04/06/2023
281,My Chauffeur,Comedy,1,07/22/2019
282,You're Next,Horror|Thriller,4,12/18/2018
283,"Swan,Comedy|Drama|Romance,3,10/20/2017
284,"Heartbreak Kid,Comedy|Romance,9,11/07/2016
285,Roman de gare,Drama,4,08/25/2018
286,"Sunshine Boys,Comedy,5,08/29/2022
287,My Best Friend's Girl,Comedy|Romance,9,12/13/2019
288,Just Pals,Western,7,10/31/2021
289,Dreamscape,Horror|Sci-Fi|Thriller,7,03/10/2018
290,If Looks Could Kill,Action|Comedy,6,03/29/2018
291,"Brown Bunny,Drama,8,06/03/2020
292,I Like Killing Flies,Documentary,6,09/29/2017
293,When I Walk,Documentary,3,04/23/2020
294,Nazarin (Nazarín),Drama,2,09/18/2017
295,"Blackbird,Crime|Drama,2,01/13/2022
296,Teenage,Documentary,3,03/19/2019
297,"Enemy Within, The (O ehthros mou)",Drama,4,08/01/2022
298,Senotaji,Comedy,3,12/20/2016
299,Chu Chin Chow,Comedy|Fantasy|Musical,8,01/13/2023
300,King Kelly,Drama,10,06/03/2019
301,Chizuko's Younger Sister (Futari),Drama,5,05/31/2020
302,"Code Conspiracy,Action|Mystery|Thriller,4,06/18/2017
303,Cashback,Comedy|Drama|Romance,8,09/20/2021
304,"Proposal,Comedy|Romance,1,01/14/2017
305,7 Days (Les 7 jours du talion),Thriller,3,09/26/2018
306,"Blood of Heroes, The (Salute of the Jugger, The)",Action|Sci-Fi,3,03/22/2023
307,Love Finds Andy Hardy,Comedy|Romance,6,04/06/2017
308,"Circle,Drama,10,03/10/2019
309,Stalker,Drama|Mystery|Sci-Fi,8,09/24/2018
310,Árido Movie,Drama,2,12/19/2016
311,Prison of the Dead,Horror,1,12/10/2016
312,Skippy,Comedy|Drama,10,01/17/2020
313,Foxfire,Drama,3,04/28/2019
314,"Girl from the Naked Eye,Action|Romance|Thriller,7,07/23/2020
315,Nuns on the Run,Comedy|Crime,10,07/24/2018
316,"Painted Veil,Drama|Romance,5,10/12/2020
317,Fargo,Comedy|Crime|Drama|Thriller,2,11/24/2021
318,Death In Love,Drama|Romance|War,10,11/17/2021
319,"Summer by the River, A (Kuningasjätkä)",Drama,3,08/19/2018
320,Out of the Ashes,Drama,6,06/04/2021
321,"Wolfman,Horror|Thriller,4,01/29/2017
322,Last Train from Gun Hill,Drama|Western,2,07/25/2018
323,Chasing Ghosts: Beyond the Arcade ,Documentary,10,07/26/2019
324,Amityville II: The Possession,Horror,7,10/09/2017
325,8 Million Ways to Die,Action|Adventure|Crime|Thriller,5,05/24/2018
326,"Dukes,Comedy|Crime|Drama,6,01/17/2023
327,Isabelle au bois dormant,Animation|Comedy,5,08/03/2017
328,The Student,Comedy|Romance,3,11/17/2022
329,Ong-Bak 2: The Beginning (Ong Bak 2),Action,9,10/11/2016
330,Strange Cargo,Drama,10,01/15/2022
331,"Rugrats Movie,Animation|Children|Comedy,2,10/24/2022
332,Anthony Zimmer,Crime|Drama|Romance|Thriller,9,09/07/2018
333,Female Demon Ohyaku (Yôen dokufuden hannya no ohyaku),Action,5,03/14/2017
334,Corto Maltese: Ballad of the Salt Sea (Corto Maltese - La ballade de la mer salée),Animation,2,11/17/2018
335,Rainy Dog (Gokudô kuroshakai),Crime|Drama,5,09/02/2017
336,I Could Go on Singing,Drama|Musical,8,06/08/2019
337,Punch-Drunk Love,Comedy|Drama|Romance,10,06/04/2020
338,Ridicule,Drama,7,01/09/2019
339,Who Pulled the Plug? (Göta kanal eller Vem drog ur proppen?),Comedy,7,01/08/2019
340,Tom Segura: Completely Normal,Comedy,1,03/23/2019
341,All That... for This?!,Comedy,3,12/03/2020
342,Earth Entranced (Terra em Transe),Drama,8,11/18/2022
343,Lady in the Lake,Crime|Drama|Film-Noir|Mystery|Romance,10,09/27/2017
344,China Moon,Thriller,2,09/06/2021
345,Attila (Attila the Hun),Action|Adventure|Drama|War,5,12/13/2016
346,Sugar Cane Alley (Rue cases nègres),Drama,5,04/17/2022
347,Mishen (Target),Drama|Sci-Fi,7,01/04/2019
348,Thawing Out (La fonte des neiges) ,Comedy|Drama,8,09/08/2021
349,Night People,Adventure,4,07/23/2017
350,"Red Shoes, The (Bunhongsin)",Drama|Horror|Mystery,9,04/22/2020
351,"Clan of the Cave Bear,Adventure|Drama|Fantasy,9,04/27/2017
352,"Loving Story,Documentary,5,08/23/2017
353,Where Love Has Gone,Drama,3,03/26/2021
354,Prison Terminal: The Last Days of Private Jack Hall,Crime|Documentary,5,11/08/2021
355,DEFCON: The Documentary,Documentary,1,05/26/2021
356,Scooby-Doo 2: Monsters Unleashed,Action|Adventure|Children|Comedy|Mystery,7,04/09/2017
357,"Forsaken,Horror,7,09/11/2022
358,Santa Claus,Children|Fantasy,5,02/12/2018
359,"Night Stalker,Horror|Thriller,8,05/29/2017
360,No Blade of Grass,Drama|Sci-Fi,1,07/06/2022
361,"Pentagon Wars,Comedy|War,6,04/29/2021
362,Titanic,Drama|Romance,6,03/26/2019
363,Uptown Saturday Night,Comedy,4,05/25/2019
364,"Relic,Horror|Thriller,5,03/05/2023
365,"Five-Year Engagement,Comedy|Romance,7,11/27/2016
366,"Incredible Shrinking Woman,Comedy|Sci-Fi,1,04/14/2020
367,Zombie High,Comedy|Horror,1,08/30/2022
368,Grand Isle,Drama,4,10/20/2020
369,Tonight and Every Night,Musical,9,03/15/2020
370,Looking for Eric,Comedy|Drama|Fantasy,3,08/06/2022
371,Capitalism: A Love Story,Documentary,7,06/07/2018
372,Firstborn,Drama|Thriller,5,02/10/2021
373,Elena and Her Men (Paris Does Strange Things) (Elena et les hommes),Comedy|Drama|Romance,10,02/21/2022
374,Sexmission (Seksmisja),Adventure|Comedy|Sci-Fi,9,01/13/2019
375,Patton Oswalt: Tragedy Plus Comedy Equals Time,Comedy,3,01/16/2019
376,"Parent Trap,Children|Comedy|Romance,4,01/22/2023
377,Sweet Home,Horror,6,11/19/2017
378,"Live and Become (Va, vis et deviens)",Drama,5,12/19/2018
379,Fandango,Comedy,1,12/03/2018
380,Heat,Action|Crime|Thriller,9,12/12/2018
381,Macbeth,Drama,10,05/14/2020
382,"So Normal (Normais, Os)",Comedy,1,02/11/2018
383,Day and Night (Dag och natt),Drama,2,10/24/2017
384,Shaft,Action|Crime|Thriller,3,01/18/2023
385,Old Joy,Drama,3,11/06/2019
386,52 Tuesdays,Children|Drama,5,01/01/2020
387,Above and Beyond,Action|Drama,10,01/09/2023
388,Head of State,Comedy,2,07/19/2017
389,Von Richthofen and Brown,Action|Drama|War,7,10/27/2020
390,Signs & Wonders,Drama,6,08/22/2019
391,"Go-Getter,Comedy|Drama,4,05/01/2023
392,All About the Benjamins,Action|Comedy|Crime,1,01/24/2019
393,"Adventurer,Comedy,2,12/18/2017
394,Peppermint Candy (Bakha satang),Drama,3,04/25/2018
395,Americathon,Comedy|Sci-Fi,1,09/03/2016
396,SSSSSSS,Horror|Sci-Fi,4,06/16/2022
397,How I Unleashed World War II (Jak rozpetalem II wojne swiatowa),Comedy|War,7,11/16/2018
398,Double Dhamaal,Comedy|Crime|Drama,8,12/04/2021
399,At First Sight,Drama,2,05/15/2021
400,The Beaver Trilogy,Comedy|Documentary|Drama,8,05/18/2020
401,What the Day Owes the Night,Drama|Romance,5,06/20/2018
402,Bad Santa,Comedy|Crime,8,01/06/2022
403,Camera Buff (Amator),Drama,8,01/15/2020
404,Arena,Sci-Fi,9,04/15/2018
405,"Good Morning, Night (Buongiorno, notte)",Drama,5,12/30/2019
406,In Bruges,Comedy|Crime|Drama|Thriller,4,05/09/2017
407,Golden Boy,Drama,9,11/24/2018
408,Higher and Higher,Comedy|Musical|Romance,10,12/14/2020
409,Sleepover,Drama,6,03/13/2017
410,Return of the Secaucus 7,Drama,1,05/07/2020
411,Bonjour tristesse,Drama,10,09/01/2022
412,Cube 2: Hypercube,Horror|Mystery|Sci-Fi,6,02/21/2019
413,Jug Face,Horror,1,02/22/2022
414,Lifeguard,Comedy|Drama,6,12/05/2019
415,City Limits,Action|Sci-Fi,10,09/09/2020
416,Matti: Hell Is for Heroes (Matti),Comedy|Drama,9,10/08/2022
417,Anna Madelina (Ngon na ma dak lin na),Comedy|Romance,7,09/02/2020
418,Voyage to the Beginning of the World (Viagem ao Princípio do Mundo),Drama,7,03/01/2020
419,Record of a Tenement Gentleman (Nagaya shinshiroku),Drama,1,09/23/2020
420,"Armwrestler From Solitude, The (Armbryterskan från Ensamheten)",Documentary,5,05/23/2021
421,The Last of the Finest,(no genres listed),5,11/25/2019
422,Stuff and Dough (Marfa si banii),Drama,6,05/14/2017
423,"Ramen Girl,Comedy|Drama|Romance,4,01/21/2018
424,In Hell,Action|Drama|Thriller,9,10/14/2017
425,Blue Skies,Comedy|Drama|Musical|Romance,7,05/23/2017
426,Making 'The New World',Documentary,4,10/29/2016
427,"Dance of Reality, The (Danza de la realidad, La)",Drama|Fantasy,9,01/11/2019
428,Bloodlust: Subspecies III,Horror,10,04/29/2022
429,It's All True,Documentary,3,11/16/2018
430,Ninette,Comedy,8,11/25/2017
431,"Invisible Man,Horror|Sci-Fi,3,01/19/2021
432,Two Weeks in September,Drama|Romance,1,05/19/2022
433,Only Daughter,Drama,6,11/17/2020
434,Physical Evidence,Crime|Thriller,1,12/07/2017
435,The Sinners of Hell,Drama|Horror,10,08/08/2020
436,Exporting Raymond,Comedy|Documentary,8,06/28/2021
437,Skirt Day (La journée de la jupe),Drama,6,10/04/2019
438,Cinderella II: Dreams Come True,Animation|Children|Fantasy,1,02/08/2020
439,Adventureland,Comedy|Drama,3,08/27/2019
440,"Ice Harvest,Action|Comedy|Crime|Thriller,1,05/26/2018
441,School of Rock,Comedy|Musical,8,06/16/2022
442,"Letter to Three Wives, A",Comedy|Drama,7,08/24/2022
443,"Krays,Drama,2,08/13/2017
444,Open Range,Western,2,07/16/2019
445,Fahrenhype 9/11,Documentary,6,04/22/2022
446,Crime Story (Zhong an zu),Action|Crime|Drama,6,08/25/2020
447,Poseidon,Action|Adventure|Thriller|IMAX,7,03/30/2020
448,American Scary,Comedy|Documentary|Horror,9,01/18/2017
449,Sacred Heart,(no genres listed),5,01/03/2018
450,"Associate,Comedy,8,08/05/2018
451,The Interview,Action|Comedy,6,05/03/2019
452,Red Heat,Thriller,8,08/27/2019
453,Sirocco,Action|Drama,1,05/22/2021
454,C.S.A.: The Confederate States of America,Comedy|Drama,9,05/05/2021
455,Twilight Zone: The Movie,Fantasy|Horror|Sci-Fi|Thriller,6,09/22/2021
456,Welfare,Documentary,4,07/13/2019
457,"Storm Warriors, The (Fung wan II)",Action|Adventure|Fantasy,6,11/09/2021
458,"Glass Slipper,Musical|Romance,9,03/16/2017
459,"Case of You, A",Comedy|Romance,10,12/14/2018
460,Trainer on the Beach 2,Comedy,3,10/22/2022
461,Palindromes,Adventure|Comedy|Drama,8,09/04/2022
462,Pitch Black,Horror|Sci-Fi|Thriller,6,09/16/2017
463,Garage,Drama,4,05/30/2019
464,Dope,Comedy|Drama,3,01/20/2017
465,"4th Floor,Thriller,4,01/10/2020
466,"Killer Inside Me,Crime|Drama|Thriller|Western,5,01/11/2018
467,PTU,Crime|Drama,2,04/21/2019
468,Quiz Show,Drama,4,12/11/2021
469,Wooden Crosses (Les croix de bois),Drama|War,6,06/01/2022
470,Tuck Everlasting,Drama|Fantasy,10,02/07/2020
471,High on Crack Street: Lost Lives in Lowell,Documentary,2,02/14/2022
472,Our Little Differences (Die feinen Unterschiede),Drama,3,01/06/2018
473,Mater and the Ghostlight,Animation|Children|Comedy,7,09/22/2016
474,Café Metropole,Comedy|Drama|Romance,4,07/29/2022
475,Bully,Documentary,4,08/25/2021
476,Flu,Action|Drama|Sci-Fi,9,01/19/2020
477,"Passion of Darkly Noon,Drama|Mystery|Thriller,4,12/06/2020
478,Down to the Cellar (Do pivnice),Adventure|Fantasy|Thriller,4,05/15/2020
479,Murder at the Gallop,Comedy|Crime|Drama|Mystery|Thriller,10,09/25/2017
480,Pekka ja Pätkä puistotäteinä,Comedy,5,10/26/2021
481,Everest,Documentary|IMAX,10,11/01/2017
482,Gods and Generals,Action|Drama|War,7,05/04/2022
483,"Devil Dared Me To,Action|Comedy,6,02/19/2017
484,When Evening Falls on Bucharest or Metabolism,(no genres listed),2,04/19/2020
485,Mighty Joe Young,Adventure|Children|Drama,2,12/29/2020
486,"Cat's Meow,Drama|Thriller,6,04/25/2020
487,Wedding Crashers,Comedy|Romance,5,07/04/2022
488,Charlie Chan Carries On,Mystery,1,11/16/2022
489,Wilder Napalm,Comedy|Fantasy|Romance,1,07/19/2019
490,Star Wars Uncut: Director's Cut,Action|Animation|Comedy|Sci-Fi|Western,5,07/14/2018
491,Little Fauss and Big Halsy,Drama,5,04/23/2020
492,Private,Drama|War,5,02/21/2017
493,Children (Börn),Drama,7,10/29/2016
494,Being Human,Drama,5,02/13/2022
495,And Starring Pancho Villa as Himself,Action|Comedy|Drama|War,7,08/10/2019
496,"Novena, The (La neuvaine)",Drama,2,05/28/2021
497,Double Whammy,Action|Comedy|Drama,9,03/21/2017
498,Damsels in Distress,Comedy|Romance,2,09/13/2016
499,The Diary of a Teenage Girl,Drama,9,05/05/2021
500,Shogun's Ninja (Ninja bugeicho momochi sandayu),Action|Adventure|Drama,2,06/05/2020
501,Killer Klowns from Outer Space,Comedy|Horror|Sci-Fi,1,02/11/2020
502,Command Decision,Drama|War,10,06/22/2021
503,Lost Highway,Crime|Drama|Fantasy|Film-Noir|Mystery|Romance,2,02/17/2018
504,Live from Baghdad,Drama|War,5,12/06/2019
505,"Shrine,Horror,10,11/01/2019
506,Last Summer in the Hamptons,Comedy|Drama,8,01/18/2023
507,Chinatown,Crime|Film-Noir|Mystery|Thriller,5,07/31/2018
508,The Court-Martial of Jackie Robinson,(no genres listed),6,08/08/2022
509,Another Stakeout,Comedy|Thriller,9,09/01/2018
510,Synchromy,Animation,9,03/03/2023
511,"Love, Honour and Obey",Comedy|Crime|Drama,7,03/20/2022
512,"Trojan Women,Drama,2,01/25/2023
513,Armageddon (Armaguedon),Crime|Thriller,9,01/29/2020
514,What Did the Lady Forget? (Shukujo wa nani o wasureta ka) ,Comedy|Drama,6,08/02/2022
515,"Pope's Toilet, The (El bano del Papa)",Drama,7,07/11/2022
516,Red White & Blue,Drama|Mystery|Romance,1,12/22/2020
517,Surplus: Terrorized Into Being Consumers,Documentary,4,10/10/2016
518,Stars and Bars,Action|Comedy|Romance,5,11/11/2020
519,Interior. Leather Bar.,Drama,7,03/10/2021
520,The Case of the Scorpion's Tail,Mystery|Thriller,4,04/12/2021
521,Whisper,Crime|Drama|Horror|Thriller,6,04/09/2020
522,I Think I Do,Comedy,4,08/01/2021
523,L!fe Happens,Comedy,4,08/19/2021
524,Prom Night III: The Last Kiss,Horror,9,01/24/2019
525,"King and the Clown, The (Wang-ui namja)",Drama|Thriller,5,06/24/2018
526,Who Is Killing the Great Chefs of Europe?,Comedy|Crime|Mystery,9,01/31/2017
527,2-Headed Shark Attack,Comedy|Horror,4,02/05/2021
528,Fright Night Part II,Horror,7,10/04/2021
529,Daybreak,Action|Drama|Romance|Sci-Fi,8,06/07/2018
530,Sometimes in April,Drama|War,8,10/09/2021
531,Violette,Drama,9,09/28/2017
532,Rhythm of a Crime (Ritam zlocina),Crime|Drama,8,09/27/2016
533,West of Memphis,Documentary,9,06/23/2020
534,Audrey Rose,Horror,5,05/25/2020
535,Colorado Territory,Western,2,11/27/2018
536,"Violent Years,Drama,3,08/20/2018
537,Navajo Joe,Western,3,05/14/2017
538,Dil Se,Drama|Musical|Romance,8,08/12/2022
539,How Much Wood Would a Woodchuck Chuck (Beobachtungen zu einer neuen Sprache),Documentary,4,04/03/2019
540,Pusher,Crime|Thriller,2,06/29/2017
541,Enter the Void,Drama,2,01/13/2023
542,Gitmo,Documentary,5,09/11/2016
543,Voyage to Cythera (Taxidi sta Kythira),Drama,7,09/12/2019
544,The Frame,Crime|Drama|Fantasy|Romance|Thriller,3,10/31/2020
545,Slasher,Documentary,2,12/26/2018
546,Phat Girlz,Comedy,8,07/05/2022
547,Girl,Drama,3,11/29/2017
548,"Genova (Summer in Genoa, A)",Drama|Romance,3,08/13/2020
549,Late Bloomers,Drama,2,06/19/2019
550,Out of the Fog,Crime|Drama|Film-Noir,9,04/23/2023
551,The Golden Eye,Crime|Mystery|Thriller,6,08/08/2018
552,Vicky Cristina Barcelona,Comedy|Drama|Romance,2,11/05/2016
553,Femme Fatale,Crime|Thriller,10,12/06/2020
554,Boyfriends and Girlfriends (a.k.a. My Girlfriend's Boyfriend) (L'ami de mon amie),Comedy,2,01/02/2019
555,Grind,Action|Comedy,4,09/12/2017
556,Return to the Blue Lagoon,Adventure|Romance,2,01/18/2017
557,Babette Goes to War,Comedy|War,6,11/11/2016
558,Just a Kiss,Comedy|Romance,9,03/06/2019
559,Big Fat Liar,Children|Comedy,1,08/30/2022
560,Revolution #9,Thriller,1,06/13/2019
561,"Good Old Fashioned Orgy, A",Comedy,7,08/26/2020
562,Batch '81,Drama,10,11/27/2018
563,Chinese Roulette (Chinesisches Roulette),Drama,4,12/25/2017
564,Bully,Documentary,6,05/29/2019
565,Adam's Rib,Comedy|Romance,1,02/01/2017
566,Kon-Tiki,Adventure|Documentary|Drama,8,02/02/2022
567,Viy,Adventure|Fantasy|Mystery|Thriller,7,07/13/2021
568,Olympian Holiday (Loma) ,Comedy|Romance,9,02/16/2021
569,Our Music (Notre musique),Drama,1,07/21/2020
570,"Last Dispatch,Documentary,1,10/01/2021
571,Pitch Perfect,Comedy|Musical,10,05/09/2023
572,Dark Tide,Adventure|Drama|Thriller,9,02/01/2020
573,Frozen Fever,Adventure|Animation,10,05/10/2018
574,Sukiyaki Western Django,Action|Western,6,05/09/2019
575,By the Light of the Silvery Moon,Children|Musical|Romance,1,07/04/2019
576,David Holzman's Diary,Documentary|Drama,8,04/08/2021
577,Clash of the Wolves,Adventure|Romance|Western,3,12/29/2018
578,With Byrd at the South Pole,Documentary,4,10/16/2022
579,Pohjanmaa,Drama,8,12/19/2018
580,"Invincible Iron Man,Animation,5,01/03/2021
581,Nazarin (Nazarín),Drama,10,01/23/2023
582,Soccer Days,Comedy,4,04/10/2020
583,K-11,Crime|Drama,4,09/05/2019
584,"Buddy Holly Story,Drama,2,06/07/2022
585,Body Double,Mystery|Thriller,4,02/23/2021
586,Love's Kitchen,Comedy|Drama|Romance,2,12/10/2017
587,World Without End,Sci-Fi,2,02/20/2022
588,Escape from Planet Earth,Adventure|Animation|Comedy|Sci-Fi,5,01/07/2023
589,Masks (Masques),Thriller,10,11/09/2016
590,Croupier,Crime|Drama,10,07/15/2018
591,Those Who Love Me Can Take the Train (Ceux qui m'aiment prendront le train),Drama,2,05/03/2020
592,Lovers and Lollipops,Drama|Romance,9,10/20/2019
593,Savage Messiah,Drama,7,01/25/2019
594,"Unknown Woman, The (La Sconosciuta)",Drama|Mystery|Thriller,8,11/08/2021
595,"Doctor,Drama,9,11/11/2017
596,20 Million Miles to Earth,Sci-Fi,6,01/11/2019
597,Then I Sentenced Them All to Death (Atunci i-am condamnat pe toti la moarte),Drama|War,2,05/27/2018
598,À propos de Nice,Documentary,5,06/15/2018
599,Unknown Pleasures (Ren xiao yao),Comedy|Drama,3,08/03/2022
600,Lake Tahoe,Drama,10,03/03/2017
601,Mandingo,Action|Romance,5,03/25/2019
602,"Fog,Action|Horror|Mystery|Thriller,1,11/29/2019
603,Walk All Over Me,Comedy|Crime|Drama,9,02/15/2017
604,Goyokin,Action|Drama,6,11/02/2016
605,Blue Car,Drama,3,07/09/2017
606,Hum Dil De Chuke Sanam,Drama|Romance,3,03/20/2020
607,Lesson of the Evil (Aku no kyôten),Thriller,5,10/29/2017
608,Lunch Break,Documentary,6,01/06/2019
609,Who Killed Bambi? (Qui a tué Bambi?),Drama|Thriller,4,01/11/2023
610,Valentino: The Last Emperor,Documentary,6,01/16/2017
611,Agora,Adventure|Drama|Romance,4,07/06/2017
612,Love Forbidden (Défense d'aimer),Drama,1,08/21/2021
613,Strapped,Drama,3,02/26/2021
614,Draft Day,Drama,3,08/26/2019
615,Hollywood or Bust,Comedy|Musical,6,09/04/2017
616,Franklyn,Drama|Fantasy|Romance|Thriller,6,01/25/2022
617,Blackout,Action|Thriller,6,08/21/2018
618,"Boy and His Dog, A",Sci-Fi,3,08/08/2021
619,American Pie Presents Beta House (American Pie 6: Beta House),Comedy,4,07/22/2022
620,No Mercy (Yongseoneun Eupda),Thriller,10,08/24/2020
621,BookWars,Comedy|Crime|Documentary,9,03/14/2020
622,Blackhat,Action|Crime|Drama|Mystery|Thriller,9,05/03/2021
623,Mr Bones 2: Back from the Past,Comedy,7,10/07/2022
624,Ace Attorney (Gyakuten saiban),Comedy|Crime|Drama,2,03/16/2018
625,Yanco ,Drama,9,01/16/2023
626,Cabaret Balkan (Bure Baruta),Drama,8,08/28/2021
627,Gunless,Action|Comedy|Drama|Western,1,04/30/2021
628,The Gamers,Adventure|Comedy|Fantasy,1,06/16/2017
629,"Monkey's Teeth (Dents du singe, Les)",Animation,6,02/08/2022
630,Evelyn,Drama,3,04/26/2022
631,"Appaloosa,Western,4,06/19/2021
632,Barcelona,Comedy|Romance,5,09/26/2017
633,Skinwalkers,Horror|Thriller,5,01/13/2021
634,"Ugly, Dirty and Bad (Brutti sporchi e cattivi)",Comedy|Drama,10,09/26/2020
635,Troop Beverly Hills,Comedy,10,08/07/2022
636,Bubble Boy,Comedy,6,01/25/2021
637,Santa Claus Conquers the Martians,Fantasy|Sci-Fi,8,11/10/2019
638,Vera Drake,Drama,9,07/08/2021
639,Advertising and the End of the World,Documentary,3,03/30/2020
640,"O-Bi, O-Ba - The End of Civilization (O-bi, O-ba - Koniec cywilizacji)",Drama|Mystery|Sci-Fi,10,04/17/2023
641,Made in Hong Kong (Xiang Gang zhi zao),Crime|Drama|Romance,6,03/05/2022
642,Cinema Komunisto,Documentary,9,11/02/2019
643,"Kid Brother,Children|Comedy|Romance,10,06/11/2021
644,Pale Cocoon (Peiru Kokun),Animation|Sci-Fi,3,01/26/2022
645,SpaceCamp,Adventure|Sci-Fi,7,06/01/2021
646,Heavy Metal 2000,Action|Adventure|Animation|Fantasy|Sci-Fi,7,08/09/2020
647,Upstairs and Downstairs,Comedy,10,05/20/2021
648,If Looks Could Kill,Action|Comedy,10,04/21/2017
649,Casper,Adventure|Children,1,08/11/2020
650,Eye of the Tiger,Action,6,01/17/2017
651,"Concorde: Airport '79,Drama,5,07/22/2021
652,I Always Wanted to Be a Gangster (J'ai toujours rêvé d'être un gangster),Comedy|Crime|Drama,10,02/06/2023
653,"Waterboy,Comedy,8,02/13/2021
654,American Beauty,Comedy|Drama,8,11/25/2022
655,"Ebola Syndrome, The (Yi boh laai beng duk)",Comedy|Horror,4,06/12/2020
656,Magic Town,Comedy|Romance,8,09/21/2021
657,Starsky & Hutch,Action|Comedy|Crime|Thriller,1,09/28/2017
658,Faces of Death,Documentary|Horror,10,08/31/2017
659,Konopielka,Comedy,10,09/19/2017
660,Ornamental Hairpin (Kanzashi),Drama,7,04/20/2018
661,Cows (Vacas),Drama,6,09/20/2016
662,Sink the Bismark!,Action|Drama|War,8,10/20/2020
663,"Big Kahuna,Comedy|Drama,10,10/06/2022
664,They Call Me Bruce? (a.k.a. A Fistful of Chopsticks),Comedy,4,07/05/2020
665,"Dust of Time,Drama,9,12/09/2022
666,"House of Seven Corpses,Horror,3,11/21/2016
667,"Eiger Sanction,Action|Adventure|Drama|Thriller,9,07/17/2017
668,Grave Halloween,Horror,2,08/25/2022
669,Taxi,Action|Comedy,3,04/03/2020
670,"Hunchback,Drama,2,04/14/2019
671,"Sex of Angels, The (El sexo de los ángeles)",Drama|Romance,8,05/16/2020
672,"White Shadow,Drama,3,05/04/2021
673,In Your Hands,Drama,1,10/10/2021
674,Bad Fucking,Comedy,4,02/14/2018
675,Suspiria,Horror,10,06/25/2021
676,W.E.,Drama|Romance,10,02/17/2022
677,"Guilt Trip,Comedy,1,08/28/2018
678,Apache Country,Action|Western,10,04/06/2021
679,J. Edgar,Drama,5,12/08/2017
680,Macario,Drama|Fantasy|Mystery,1,06/01/2022
681,"Singer, The (Quand j'étais chanteur)",Drama|Romance,6,01/24/2020
682,Penitentiary II,Drama,7,07/03/2021
683,Palmetto,Crime|Drama|Mystery|Romance|Thriller,4,02/12/2022
684,51 Birch Street,Documentary,1,03/28/2021
685,Le Week-End,Comedy|Drama,1,09/15/2021
686,Spider-Man,Action|Adventure|Sci-Fi|Thriller,4,02/27/2018
687,3-Iron (Bin-jip),Drama|Romance,1,01/09/2019
688,Timber Falls,Horror|Thriller,6,01/03/2021
689,Doctor at Large,Comedy|Romance,7,10/03/2017
690,Four Sided Triangle,Romance|Sci-Fi,5,11/13/2016
691,"I Was Born, But... (a.k.a. Children of Tokyo) (Otona no miru ehon - Umarete wa mita keredo)",Comedy|Drama,4,04/23/2022
692,Edge of the City,Drama|Film-Noir,1,01/27/2018
693,Ca$h,Action|Comedy|Crime|Thriller,8,02/28/2018
694,Bugsy,Crime|Drama,8,04/28/2022
695,The Periwig-Maker,Animation,7,07/14/2018
696,B-Side,Comedy|Romance,9,05/02/2022
697,"Painted Veil,Drama|Romance,2,12/31/2017
698,How About You...,Comedy|Drama,7,05/31/2019
699,"Promoter, The (Card, The)",Comedy,1,07/28/2018
700,"Winner,Comedy|Crime|Thriller,8,09/13/2019
701,Footlight Parade,Comedy|Musical|Romance,6,05/01/2020
702,Poetical Refugee,Drama,3,05/29/2017
703,Constantine,Action|Fantasy|Horror|Thriller,2,08/08/2020
704,Naked Killer (Chik loh go yeung),Action|Crime|Drama|Thriller,7,08/26/2018
705,Hiroshima,Comedy,4,04/08/2023
706,Miracle Mile,Drama|Romance|Sci-Fi,6,01/03/2020
707,Little Criminals,Crime|Drama,3,02/28/2022
708,Kahlekuningas,Comedy|Drama,9,08/28/2018
709,Swoon,Crime|Drama,1,06/20/2022
710,Mean Machine,Comedy|Drama,10,04/01/2022
711,My Favorite Wife,Comedy|Romance,1,01/30/2022
712,Empire of Passion (a.k.a. In the Realm of Passion) (a.k.a. Phantom Love) (Ai No Borei),Crime|Drama|Romance,6,10/09/2019
713,Beneath,Horror,4,02/14/2020
714,"New Jean-Claude, The (Le nouveau Jean-Claude)",Comedy|Romance,2,12/26/2017
715,Slumming,Comedy|Drama,4,07/12/2020
716,Into the Woods,Children|Comedy|Fantasy|Musical,4,06/02/2021
717,Ways to Live Forever,Children|Drama,5,10/19/2018
718,"Perfect Family,Comedy|Drama,3,11/19/2019
719,Popular Music (Populärmusik från Vittula),Comedy|Drama,3,05/31/2020
720,Savages,Comedy|Fantasy,4,10/22/2020
721,Christopher Strong,Drama,4,03/15/2021
722,Splatter University,Horror,10,06/15/2021
723,Spider,Drama|Mystery,10,04/29/2023
724,How to Be a Player,Comedy,5,06/25/2019
725,The Burglar,Crime|Drama,7,04/03/2020
726,Home Sweet Home,Comedy,2,09/20/2019
727,And Starring Pancho Villa as Himself,Action|Comedy|Drama|War,6,10/05/2016
728,"Assassination of Richard Nixon,Crime|Drama|Thriller,5,01/10/2020
729,Flight of the Phoenix,Action|Adventure,10,10/13/2016
730,Let's Get Lost,Documentary|Musical,9,06/04/2019
731,Who Am I? (Wo shi shei),Action|Adventure|Comedy|Sci-Fi|Thriller,3,03/27/2022
732,Shattered Glass,Crime|Drama,10,08/09/2019
733,Word Wars,Comedy|Documentary|Drama,1,12/30/2022
734,Lady Chatterley,Drama|Romance,6,11/13/2018
735,Total Recall,Action|Sci-Fi|Thriller,8,08/16/2018
736,"Man Apart, A",Action|Crime|Drama|Thriller,7,06/14/2017
737,"Play It Again, Sam",Comedy|Romance,7,03/19/2020
738,"Conversation,Drama|Mystery,2,11/28/2016
739,"Man of the Year, The (O Homem do Ano)",Action|Comedy|Crime,8,09/28/2020
740,Life is a Miracle (Zivot je cudo),Comedy|Drama|Musical|Romance|War,1,01/07/2018
741,Evil Dead,Horror,7,11/26/2017
742,"Hole, The (Dong)",Drama|Musical,2,09/06/2019
743,Home Sweet Home,Comedy,6,11/28/2016
744,Halls of Montezuma,Adventure|War,8,06/08/2019
745,April Love,Comedy|Drama|Musical,3,11/29/2018
746,"Killer Inside Me,Crime|Drama|Thriller|Western,9,11/21/2019
747,All Good Things,Drama|Mystery|Thriller,5,11/12/2021
748,Shameless (Maskeblomstfamilien ),Drama,2,06/25/2020
749,Across the Hall,Thriller,10,01/23/2018
750,Silent Witness (Do Not Disturb),Action|Comedy|Thriller,5,07/31/2018
751,South Pacific,Musical|Romance|War,1,10/09/2016
752,"Things I Like, Things I Don't Like (Foutaises)",Comedy,2,01/01/2022
753,Intruder in the Dust,Drama,1,04/24/2020
754,Ticker,Action|Crime|Thriller,6,09/11/2020
755,"Shadow,Action|Adventure|Fantasy|Mystery,8,12/20/2018
756,Mark of the Cop,Crime|Drama|Romance,7,06/27/2019
757,Islander,Drama,8,10/22/2019
758,Arn: The Knight Templar (Arn - Tempelriddaren),Action|Adventure|Drama|Romance|War,2,11/30/2019
759,Eerie Tales (Unheimliche Geschichten),Fantasy|Horror|Mystery,4,12/28/2021
760,Dead on Time,Comedy|Drama|Romance,1,11/05/2022
761,Greenfingers,Comedy|Drama,1,11/15/2017
762,Dirty Movie,Comedy,1,01/21/2020
763,Pathology,Crime|Horror|Thriller,8,03/12/2021
764,"Chronicles of Narnia: The Lion, the Witch and the Wardrobe,Adventure|Children|Fantasy,1,09/17/2019
765,Cujo,Horror|Thriller,6,08/19/2019
766,Motel Hell,Comedy|Horror,8,12/21/2021
767,Go Tigers!,Documentary,4,12/28/2022
768,The Land Before Time IV: Journey Through the Mists,Adventure|Animation|Children,4,08/09/2017
769,Fraulein (Das Fräulein) ,Drama,2,03/29/2021
770,Mad City,Action|Drama,8,09/22/2017
771,The Little Polar Bear: Lars and the Little Tiger,Animation|Children,10,05/27/2017
772,Two Lovers,Drama|Romance,9,12/21/2020
773,Dark Water (Honogurai mizu no soko kara),Drama|Horror|Mystery|Thriller,8,10/09/2020
774,King of New York,Crime|Thriller,8,01/25/2017
775,"Largo Winch (Heir Apparent: Largo Winch, The)",Adventure|Thriller,2,05/22/2017
776,Boy Meets Boy,Romance,10,08/09/2018
777,Sunshine Cleaning,Comedy|Drama,1,04/20/2017
778,Dug's Special Mission,Animation|Children|Comedy,8,01/16/2021
779,Nomads,Horror|Mystery|Thriller,7,12/10/2016
780,"Jungle Book of Regulations, A (Nie Ma Rozy Bez Ognia)",Comedy,1,05/03/2019
781,"Goddess, The (Shen nu)",Drama,6,02/08/2021
782,Bosko's Parlor Pranks,Animation,9,09/11/2016
783,In the Midst of Life (Au coeur de la vie),Drama|War,7,12/18/2018
784,Amazing Journey: The Story of The Who,Documentary,10,10/14/2017
785,Conquest,Action|Adventure|Fantasy,5,07/21/2018
786,Out of the Past,Film-Noir,5,01/26/2019
787,Close,Drama,7,06/25/2017
788,American Movie,Documentary,10,05/17/2017
789,Friends & Lovers,Comedy|Drama|Romance,2,02/24/2023
790,"Huey P. Newton Story, A",Documentary,9,05/08/2019
791,Commandos Strike at Dawn,Drama|War,10,03/06/2017
792,A Husband of Round Trip,Comedy|Fantasy,3,03/30/2017
793,The (Dead Mothers) Club,Documentary,6,11/28/2016
794,Deadly Blessing,Horror,6,11/25/2016
795,Demoted,Comedy,3,09/18/2019
796,The Suspicious Death of a Minor,Comedy|Crime|Thriller,4,09/29/2019
797,Aks,Thriller,9,03/01/2017
798,Defenders of Riga,Action|Drama|War,5,08/03/2019
799,Zaza,Drama,5,03/01/2018
800,"Rise of Catherine the Great,Drama,5,07/11/2018
801,"Bride Came C.O.D.,Comedy|Romance,5,11/08/2019
802,Troop Beverly Hills,Comedy,5,12/16/2020
803,Weight of the Nation,Documentary,2,01/13/2022
804,The Trans-Atlantic Mystery,(no genres listed),2,05/27/2021
805,God Bless Ozzy Osbourne,Documentary,2,06/08/2019
806,"Life and Adventures of Santa Claus,Animation|Children,4,08/21/2019
807,Man-Proof,Comedy|Drama|Romance,2,07/22/2022
808,"Replacement Killers,Action|Crime|Thriller,2,06/23/2019
809,"Hurricane Express,Adventure|Crime|Drama,3,04/18/2022
810,"Family Friend, The (L'amico di famiglia)",Drama,1,10/31/2022
811,Super Mario Bros.,Action|Adventure|Children|Comedy|Fantasy|Sci-Fi,9,05/02/2017
812,I Bought a Vampire Motorcycle,Comedy|Horror,8,04/12/2023
813,Love Crazy,Comedy,5,11/24/2019
814,Scorched,Comedy|Crime,3,10/08/2020
815,Just Like Us,Comedy|Documentary,7,01/07/2022
816,Return of the Living Dead: Rave to the Grave,Comedy|Horror,9,07/20/2020
817,Prison (Fängelse) ,Drama,8,12/16/2022
818,Went the Day Well?,Thriller|War,5,07/10/2019
819,Villa Rides!,War|Western,6,04/15/2021
820,Parker,Crime|Thriller,6,12/26/2018
821,By the Bluest of Seas (U samogo sinego morya),Drama,3,01/22/2017
822,Losers' Club (Kaybedenler kulübü),Comedy|Drama,10,02/10/2017
823,Extraterrestrial (Extraterrestre),Comedy|Drama|Sci-Fi,5,09/01/2017
824,"Hi-Line,Drama,10,06/14/2019
825,Forever Amber,Drama,1,01/06/2022
826,Flow: For Love of Water,Documentary,3,10/13/2019
827,Strangers on a Train,Crime|Drama|Film-Noir|Thriller,4,12/28/2018
828,Heavy Metal Parking Lot,Documentary|Musical,1,01/14/2020
829,"Flying Leathernecks,Action|Drama|War,7,07/30/2022
830,Thin Ice,Comedy|Musical|Romance,2,01/04/2023
831,Miss Sweden (Fröken Sverige),Drama,2,10/15/2019
832,Fight Club,Action|Crime|Drama|Thriller,8,03/23/2022
833,Tropical Fish (Re dai yu),Comedy|Drama,4,06/12/2020
834,"Black Cat, White Cat (Crna macka, beli macor)",Comedy|Romance,4,01/31/2018
835,From Zero to Hero,Comedy|Drama|Romance,7,08/16/2018
836,Freebie and the Bean,Action|Comedy,4,10/28/2020
837,George Lopez: America's Mexican,Comedy,3,01/26/2018
838,"Countess from Hong Kong, A",Comedy,1,01/29/2021
839,Hellboy II: The Golden Army,Action|Adventure|Fantasy|Sci-Fi,9,07/01/2018
840,Toy Story Toons: Hawaiian Vacation,Adventure|Animation|Children|Comedy|Fantasy,4,08/24/2019
841,"Glass Slipper,Musical|Romance,5,01/21/2017
842,Sexy Nights of the Living Dead,Horror,9,07/11/2022
843,"Yor, the Hunter from the Future",Sci-Fi,3,03/29/2021
844,Tattooed Life (Irezumi ichidai),Crime|Drama,2,05/21/2019
845,Bad Lieutenant: Port of Call New Orleans,Crime|Drama,6,10/10/2020
846,"Sessions, The (Surrogate, The)",Drama,7,05/16/2022
847,"First Texan,Western,5,08/25/2017
848,Rent-a-Cat,Comedy|Drama,10,12/23/2016
849,13/13/13,Horror,7,05/26/2017
850,Only Old Men Are Going to Battle (V boy idut odni stariki),Comedy|Drama|War,1,08/22/2018
851,Halloween 5: The Revenge of Michael Myers,Horror,4,12/23/2017
852,"Shape of Things to Come,Sci-Fi,3,09/16/2020
853,Fahrenheit 451,Drama|Sci-Fi,5,08/26/2020
854,"Lion in Winter,Drama,4,08/09/2020
855,Lord of the Flies,Adventure|Drama|Thriller,4,09/02/2021
856,Madame Curie,Drama,5,12/05/2016
857,Enemy Mine,Adventure|Drama|Sci-Fi,10,11/30/2021
858,"Mask,Action|Comedy|Crime|Fantasy,9,03/03/2020
859,Tank on the Moon,Documentary,9,04/30/2023
860,Why Man Creates,Animation|Documentary,9,07/27/2022
861,"Frozen Ground,Crime|Drama|Thriller,5,07/06/2019
862,I Still Know What You Did Last Summer,Horror|Mystery|Thriller,7,03/04/2018
863,Blue Swallow (Cheong yeon),Drama|Romance,5,11/13/2016
864,Fear and Desire,Drama|War,4,01/17/2017
865,"My Brother's Wife (Mujer de mi hermano, La)",Drama,4,04/14/2017
866,"Death of the Incredible Hulk,Action,3,12/21/2020
867,My Darling Clementine,Western,3,01/13/2020
868,Spare Bed-Room,(no genres listed),1,11/15/2016
869,Dillinger,Crime|Drama|Film-Noir,9,11/25/2022
870,"Candy Snatchers,Crime|Thriller,3,11/03/2019
871,Enough,Drama|Thriller,10,06/14/2020
872,Cube 2: Hypercube,Horror|Mystery|Sci-Fi,7,07/04/2018
873,Love in the Afternoon,Comedy|Romance,7,06/19/2021
874,Bar Girls,Comedy|Romance,6,07/06/2020
875,Pleasures of the Flesh (Etsuraku),Comedy|Drama,3,10/16/2018
876,Love Crime (Crime d'amour),Crime|Mystery|Thriller,8,06/04/2017
877,"Spanish Main,Adventure|Drama|Romance,10,01/02/2020
878,Berlin 36,Drama,1,04/06/2023
879,Senso,Drama|Romance|War,8,07/11/2021
880,Lucky Jordan,Comedy|Crime|Drama,1,10/25/2022
881,Hollow Man II,Action|Horror|Sci-Fi|Thriller,6,11/13/2020
882,"Battle of the Rails, The (La bataille du rail)",Drama|War,1,01/13/2020
883,"Short Game,Documentary,5,05/26/2018
884,Privilege,Drama|Musical,5,03/09/2020
885,"Duel at Silver Creek,Western,9,09/09/2022
886,Into the White (Cross of Honour),Action|Drama|War,10,02/08/2022
887,Star Trek: Insurrection,Action|Drama|Romance|Sci-Fi,2,12/17/2020
888,No Country for Old Men,Crime|Drama,7,10/19/2019
889,I Am Curious (Yellow) (Jag är nyfiken - en film i gult),Documentary|Drama,7,11/25/2020
890,Real Life,Comedy,2,09/05/2021
891,"Ward,Horror|Thriller,10,12/20/2022
892,Gummo,Drama,6,03/30/2017
893,One Piece Film: Strong World,Action|Adventure|Animation|Comedy|Fantasy,6,06/15/2021
894,Kinjite: Forbidden Subjects,Crime|Thriller,1,02/09/2021
895,Snug as a Bug (U Pana Boga za piecem),Comedy|Drama,3,02/04/2018
896,Tidal Wave,Drama,4,12/03/2018
897,Empire of Silver (Bai yin di guo),Drama|Romance,1,03/23/2019
898,Silence (Chinmoku),Drama,4,02/28/2019
899,Little Miss Sunshine,Adventure|Comedy|Drama,1,10/24/2020
900,Kimjongilia,Documentary,1,07/07/2021
901,"Song of Bernadette,Drama,7,03/04/2023
902,West Beirut (West Beyrouth),Drama,6,08/29/2019
903,Gunfight at the O.K. Corral,Western,8,07/13/2022
904,"Sailor Who Fell from Grace with the Sea,Drama,6,09/07/2019
905,Weight of the Nation,Documentary,4,06/15/2017
906,Fuse (Gori vatra),Comedy|Drama,3,05/26/2022
907,Four Flies on Grey Velvet,Horror|Mystery|Thriller,9,12/29/2020
908,"Mothman Prophecies,Drama|Fantasy|Horror|Mystery|Thriller,4,12/30/2021
909,Fubar,Comedy,3,08/24/2019
910,"Yakuza,Drama,5,12/14/2016
911,Tango & Cash,Action|Comedy|Crime|Thriller,6,01/01/2020
912,Silent House,Horror|Thriller,6,06/27/2018
913,Eat Pray Love,Drama|Romance,8,08/30/2020
914,Let It Snow,Children|Drama|Romance,8,03/22/2021
915,Side Effects,Crime|Drama|Mystery|Thriller,5,08/16/2021
916,The 'High Sign',Comedy,7,11/16/2018
917,Movie Movie,Comedy|Musical,8,02/26/2019
918,Tumbleweeds,Drama,6,03/06/2019
919,"Mr. Death: The Rise and Fall of Fred A. Leuchter, Jr.",Documentary,2,12/22/2018
920,Path to War,Drama,5,03/24/2018
921,Welcome to the Sticks (Bienvenue chez les Ch'tis),Comedy,3,10/20/2020
922,"Champion,Comedy,1,09/12/2017
923,Great Guy,Crime|Drama|Mystery,8,01/13/2021
924,Vassilisa the Beautiful (Vasilisa prekrasnaya),Adventure|Fantasy,9,06/13/2017
925,Star Wars: Episode IV - A New Hope,Action|Adventure|Sci-Fi,1,03/19/2023
926,Tango & Cash,Action|Comedy|Crime|Thriller,8,07/10/2022
927,"Moon Warriors, The (Zhan shen chuan shuo)",Action|Adventure,2,03/11/2018
928,Sasha (Sascha),Comedy|Drama,10,08/11/2021
929,"Great Rock 'n' Roll Swindle,Documentary,10,01/20/2017
930,Suspect X (Yôgisha X no kenshin),Crime|Drama|Mystery,8,12/28/2021
931,"Bullfighter, The (Matador)",Comedy|Crime|Drama,9,07/13/2021
932,Children in the Wind (Kaze no naka no kodomo),Drama,10,05/03/2019
933,Hôtel des Invalides,Documentary,5,02/26/2022
934,United,Drama,8,11/21/2017
935,Paris When It Sizzles,Comedy|Romance,4,03/27/2017
936,Finian's Rainbow,Fantasy|Musical,8,03/18/2021
937,Fear,Thriller,10,06/19/2022
938,A Gathering of Eagles,Drama|Romance,6,10/19/2022
939,Flash Gordon Conquers the Universe,Action|Sci-Fi,1,04/24/2017
940,Five and Ten,Romance,1,02/12/2020
941,Eddie and the Cruisers II: Eddie Lives!,Drama|Musical,8,10/03/2017
942,Being John Malkovich,Comedy|Drama|Fantasy,3,07/20/2022
943,"One and Only, Genuine, Original Family Band,Children|Comedy|Musical,3,11/03/2017
944,My Bloody Valentine,Drama|Horror|Thriller,7,08/03/2018
945,Addicted,Drama,6,06/09/2021
946,May in the Summer,Comedy|Drama,2,05/03/2018
947,Steel,Action,7,05/06/2023
948,Prison,Crime|Drama|Horror|Thriller,10,12/01/2019
949,Mannequin,Comedy|Romance,2,11/27/2017
950,"Rickshaw Man, The (Muhomatsu no issho)",Comedy|Drama,9,04/12/2017
951,Mondo,Drama,10,09/11/2020
952,There Was a Crooked Man...,Comedy|Western,4,02/22/2018
953,Triad Underworld (Gong wu) (Jiang Hu),Action|Crime|Drama,8,05/30/2018
954,Valerie and Her Week of Wonders (Valerie a týden divu),Adventure|Drama|Fantasy,9,02/11/2017
955,El Niño,Drama|Thriller,8,03/21/2019
956,Sergio,Documentary,1,12/06/2018
957,"Enemy Within, The (O ehthros mou)",Drama,3,11/06/2021
958,Lady Sings the Blues,Drama|Musical,5,05/20/2022
959,Twin Sisters (De tweeling),Drama|Romance|War,1,05/06/2020
960,Elvis,Drama,8,10/25/2016
961,Disaster L.A.,Action|Horror|Sci-Fi,2,05/23/2021
962,Bye Bye Monkey (Ciao maschio),Comedy|Drama|Fantasy,4,02/06/2023
963,Gallowwalkers,Action|Horror|Sci-Fi|Western,7,11/08/2021
964,Parisian Love,Comedy|Crime|Drama|Romance,6,05/11/2021
965,"American,Drama|Thriller,4,07/22/2021
966,"World according to Ion B., The (Lumea vazuta de Ion B)",Documentary,1,10/28/2018
967,Sea of Love,Crime|Drama|Thriller,4,02/22/2021
968,Napoleon and Samantha,Adventure|Drama,7,01/07/2018
969,Babylon 5: The Lost Tales - Voices in the Dark,Sci-Fi,1,03/14/2020
970,"Big Empty,Comedy|Mystery|Sci-Fi,4,06/10/2017
971,"Glass Menagerie,Drama,9,06/22/2019
972,CQ,Drama,10,12/21/2020
973,Gainsbourg (Vie Héroïque),Drama|Musical|Romance,2,11/28/2022
974,She Wouldn't Say Yes,Comedy|Romance,6,06/12/2017
975,"Invisible Sign, An",Comedy|Drama,1,11/08/2016
976,47 Ronin,Action|Adventure|Fantasy,7,09/14/2018
977,Boy Meets Girl,Comedy|Drama|Romance,5,03/30/2019
978,"New Barbarians, The (I nuovi barbari)",Action|Sci-Fi|Thriller|Western,7,08/01/2022
979,Miss Nobody,Comedy|Crime,3,11/25/2019
980,Five Minutes of Heaven,Crime|Drama|Thriller,4,08/24/2017
981,Keane,Mystery|Thriller,3,10/29/2018
982,Dr. Dolittle 3,Children|Comedy|Fantasy,10,03/06/2022
983,Life Partners,Comedy|Romance,2,03/01/2023
984,"Commare secca, La (Grim Reaper, The)",Drama|Mystery,6,03/14/2017
985,Elena Undone,Drama|Romance,4,11/12/2020
986,Kill! (Kiru),Action|Comedy|Drama,6,01/30/2017
987,Guy and Madeline on a Park Bench,Drama|Musical,3,07/31/2022
988,Lady Snowblood (Shurayukihime),Action|Crime|Drama|Thriller,8,03/11/2018
989,"Beastmaster,Action|Adventure|Fantasy,6,02/19/2022
990,Honest Man: The Life of R. Budd Dwyer,Documentary,4,05/14/2021
991,Halo 4: Forward Unto Dawn,Action|Sci-Fi|Thriller,8,03/17/2023
992,The Trip to Squash Land,Animation,6,11/06/2017
993,"Kids in the Hall: Same Guys, New Dresses",Comedy|Documentary,8,11/30/2019
994,Spider Forest (Geomi sup),Drama|Horror|Mystery|Thriller,10,01/16/2023
995,I Accuse,Drama|Horror|Sci-Fi|War,4,07/03/2022
996,Mission: Impossible - Ghost Protocol,Action|Adventure|Thriller|IMAX,5,07/25/2021
997,"New Leaf, A",Comedy|Romance,6,12/04/2018
998,Bandit Queen,Drama,5,07/30/2022
999,Obsessed,Crime|Drama|Thriller,2,03/17/2018
1000,Meet the Feebles,Animation|Comedy|Musical,7,08/30/2020
